dataset,method,intra_density_mean,inter_density_mean,conductance_mean,modularity,mean_fd_per_cluster,mean_go_jaccard,num_clusters,mean_cluster_size,max_cluster_size,min_cluster_size,overlapping_proteins,overlapping_percentage,mean_clusters_per_protein
STRING,MCL,0.13673320142997106,0.0019172722018459692,0.24752282262251454,0.6396363666833161,,,14,424.0,1189,18,0,0.0,1.0
STRING,LEAF-PPI,0.039812341597463045,0.0012769302103848017,0.5929291826348895,0.6414465068227725,,,25,291.44,1117,57,55,0.9218907140462621,1.221253771371103
Gavin,MCL,0.20250091212518412,0.0,0.0673352435530086,0.02585317704043007,3.9788978105352136e-05,0.17323387820736905,2,868.0,1721,15,0,0.0,1.0
Gavin,LEAF-PPI,0.8892393053949911,0.0,0.0,0.03671187574060017,0.0,0.17323387820736905,46,40.43478260869565,1727,2,0,0.0,1.0
