dataset,method,overlapping,num_nodes,num_edges,num_communities,avg_community_size,modularity,nmi,overlapping_nmi,conductance,mean_go_jaccard,runtime_sec,parameters
Gavin,Louvain,False,1860,7601,47,39.57446808510638,0.04016907704048972,,,0.016198662846227316,0.17323387820736905,0.0977332592010498,"{""resolution"": 1.0, ""random_seed"": 42, ""runtime"": 0.09772682189941406}"
Gavin,Leiden,False,1860,7601,47,39.57446808510638,0.04016907704048972,,,0.016198662846227316,0.17323387820736905,0.09383988380432129,"{""resolution"": 1.0, ""random_seed"": 42, ""runtime"": 0.0938119888305664}"
Gavin,Infomap,False,1860,7601,46,40.43478260869565,0.036711875740581254,,,0.0,0.17323387820736905,0.0008480548858642578,"{""random_seed"": 42, ""fallback"": ""connected_components"", ""runtime"": 0.0008230209350585938}"
Gavin,MCL,False,1860,7601,2,868.0,0.02585317704041885,,,0.0673352435530086,0.17323387820736905,0.10466885566711426,"{""inflation"": 2.0, ""min_cluster_size"": 10, ""fallback"": ""MCLClustering_wrapper"", ""runtime"": 0.1046290397644043}"
Gavin,OSLOM,False,1860,7601,46,40.43478260869565,0.036711875740581254,,,0.0,0.17323387820736905,0.0008630752563476562,"{""fallback"": ""connected_components"", ""runtime"": 0.0008451938629150391}"
Gavin,Link_Communities,True,1860,7601,46,40.43478260869565,0.036711875740581254,,,0.0,0.17323387820736905,0.0008287429809570312,"{""fallback"": ""connected_components"", ""runtime"": 0.0008089542388916016}"
Gavin,BigCLAM,True,1860,7601,46,40.43478260869565,0.036711875740581254,,,0.0,0.17323387820736905,0.0008361339569091797,"{""num_communities"": null, ""fallback"": ""connected_components"", ""runtime"": 0.0008141994476318359}"
Gavin,LEA_Overlapping,True,1860,7601,2,868.0,0.02585317704044184,,,0.0673352435530086,0.17323387820736905,40.95198392868042,"{""alpha"": 0.8701905606489782, ""overlap_tau"": 0.847461472935916, ""transfer_tau"": 0.5370598209049435, ""lea_evaluations"": 500, ""random_seed"": 42}"
